"","Resource_Code","Resource_Name"
"1",0,"All Resources"
"2",1e+08,"Fish"
"3",1.1e+08,"Salmon"
"4",1.11e+08,"Chum Salmon"
"5",111000001,"Chum Salmon [CF Retention]"
"6",111000002,"Chum Salmon [Rod and Reel]"
"7",111000003,"Chum Salmon [Other Gear]"
"8",1.12e+08,"Coho Salmon"
"9",112000001,"Coho Salmon [CF Retention]"
"10",112000002,"Coho Salmon [Rod and Reel]"
"11",112000003,"Coho Salmon [Other Gear]"
"12",1.13e+08,"Chinook Salmon"
"13",113000001,"Chinook Salmon [CF Retention]"
"14",113000002,"Chinook Salmon [Rod and Reel]"
"15",113000003,"Chinook Salmon [Other Gear]"
"16",1.14e+08,"Pink Salmon"
"17",114000001,"Pink Salmon [CF Retention]"
"18",114000002,"Pink Salmon [Rod and Reel]"
"19",114000003,"Pink Salmon [Other Gear]"
"20",1.15e+08,"Sockeye Salmon"
"21",115000001,"Sockeye Salmon [CF Retention]"
"22",115000002,"Sockeye Salmon [Rod and Reel]"
"23",115000003,"Sockeye Salmon [Other Gear]"
"24",1.19e+08,"Unknown Salmon"
"25",119000002,"Unknown Salmon [Rod and Reel]"
"26",119000003,"Unknown Salmon [Other Gear]"
"27",1.2e+08,"Non-Salmon Fish"
"28",120200000,"Herring"
"29",120200001,"Herring [CF Retention]"
"30",120200002,"Herring [Rod and Reel]"
"31",120200003,"Herring [Other Gear]"
"32",120300000,"Herring Roe"
"33",120302000,"Herring Roe/Unspecified"
"34",120302002,"Herring Roe/Unspecified [Rod and Reel]"
"35",120302003,"Herring Roe/Unspecified [Other Gear]"
"36",120304000,"Herring Sac Roe"
"37",120304001,"Herring Sac Roe [CF Retention]"
"38",120306000,"Herring Spawn on Kelp"
"39",120306001,"Herring Spawn on Kelp [CF Retention]"
"40",120306002,"Herring Spawn on Kelp [Rod and Reel]"
"41",120306003,"Herring Spawn on Kelp [Other Gear]"
"42",120308000,"Herring Roe on Hair Seaweed"
"43",120308002,"Herring Roe on Hair Seaweed [Rod and Reel]"
"44",120308003,"Herring Roe on Hair Seaweed [Other Gear]"
"45",120310000,"Herring Roe on Hemlock Branches"
"46",120310002,"Herring Roe on Hemlock Branches [Rod and Reel]"
"47",120310003,"Herring Roe on Hemlock Branches [Other Gear]"
"48",120400000,"Smelt"
"49",120404000,"Eulachon (hooligan, candlefish)"
"50",120404002,"Eulachon (hooligan, candlefish) [Rod and Reel]"
"51",120404003,"Eulachon (hooligan, candlefish) [Other Gear]"
"52",120410000,"Silver Smelt"
"53",120410002,"Silver Smelt [Rod and Reel]"
"54",120410003,"Silver Smelt [Other Gear]"
"55",1.21e+08,"Cod"
"56",121004000,"Pacific Cod (gray)"
"57",121004001,"Pacific Cod (gray) [CF Retention]"
"58",121004002,"Pacific Cod (gray) [Rod and Reel]"
"59",121004003,"Pacific Cod (gray) [Other Gear]"
"60",121008000,"Pacific Tom Cod"
"61",121008001,"Pacific Tom Cod [CF Retention]"
"62",121008002,"Pacific Tom Cod [Rod and Reel]"
"63",121008003,"Pacific Tom Cod [Other Gear]"
"64",121400000,"Flounder"
"65",121400001,"Flounder [CF Retention]"
"66",121400002,"Flounder [Rod and Reel]"
"67",121400003,"Flounder [Other Gear]"
"68",121600000,"Greenling"
"69",121606000,"Lingcod"
"70",121606001,"Lingcod [CF Retention]"
"71",121606002,"Lingcod [Rod and Reel]"
"72",121606003,"Lingcod [Other Gear]"
"73",121800000,"Halibut"
"74",121800001,"Halibut [CF Retention]"
"75",121800002,"Halibut [Rod and Reel]"
"76",121800003,"Halibut [Other Gear]"
"77",122600000,"Rockfish"
"78",122602000,"Black Rockfish"
"79",122602001,"Black Rockfish [CF Retention]"
"80",122602002,"Black Rockfish [Rod and Reel]"
"81",122602003,"Black Rockfish [Other Gear]"
"82",122606000,"Yellow Eye Rockfish"
"83",122606001,"Yellow Eye Rockfish [CF Retention]"
"84",122606002,"Yellow Eye Rockfish [Rod and Reel]"
"85",122606003,"Yellow Eye Rockfish [Other Gear]"
"86",122612000,"Quillback Rockfish"
"87",122612002,"Quillback Rockfish [Rod and Reel]"
"88",122612003,"Quillback Rockfish [Other Gear]"
"89",122699000,"Unknown Rockfish"
"90",122699002,"Unknown Rockfish [Rod and Reel]"
"91",122699003,"Unknown Rockfish [Other Gear]"
"92",122800000,"Sablefish (black cod)"
"93",122800001,"Sablefish (black cod) [CF Retention]"
"94",122800002,"Sablefish (black cod) [Rod and Reel]"
"95",122800003,"Sablefish (black cod) [Other Gear]"
"96",1.23e+08,"Sculpin"
"97",123002000,"Buffalo Sculpin"
"98",123002002,"Buffalo Sculpin [Rod and Reel]"
"99",123002003,"Buffalo Sculpin [Other Gear]"
"100",123006000,"Irish Lord"
"101",123006020,"Red Irish Lord"
"102",123006022,"Red Irish Lord [Rod and Reel]"
"103",123006023,"Red Irish Lord [Other Gear]"
"104",123200000,"Shark"
"105",123299000,"Unknown Shark"
"106",123299002,"Unknown Shark [Rod and Reel]"
"107",123299003,"Unknown Shark [Other Gear]"
"108",123400000,"Skates"
"109",123400002,"Skates [Rod and Reel]"
"110",123400003,"Skates [Other Gear]"
"111",123600000,"Sole"
"112",123600002,"Sole [Rod and Reel]"
"113",123600003,"Sole [Other Gear]"
"114",1.25e+08,"Char"
"115",125006000,"Dolly Varden"
"116",125006002,"Dolly Varden [Rod and Reel]"
"117",125006003,"Dolly Varden [Other Gear]"
"118",126200000,"Trout"
"119",126202000,"Cutthroat Trout"
"120",126202002,"Cutthroat Trout [Rod and Reel]"
"121",126202003,"Cutthroat Trout [Other Gear]"
"122",126204000,"Rainbow Trout"
"123",126204002,"Rainbow Trout [Rod and Reel]"
"124",126204003,"Rainbow Trout [Other Gear]"
"125",126206000,"Steelhead"
"126",126206002,"Steelhead [Rod and Reel]"
"127",126206003,"Steelhead [Other Gear]"
"128",2e+08,"Land Mammals"
"129",2.1e+08,"Large Land Mammals"
"130",210600000,"Black Bear"
"131",210600001,"Black Bear, Male"
"132",210600002,"Black Bear, Female"
"133",210600009,"Black Bear, Sex Unknown"
"134",210800000,"Brown Bear"
"135",210800001,"Brown Bear, Male"
"136",210800002,"Brown Bear, Female"
"137",210800009,"Brown Bear, Sex Unknown"
"138",2.11e+08,"Caribou"
"139",211000001,"Caribou, Male"
"140",211000002,"Caribou, Female"
"141",211000009,"Caribou, Sex Unknown"
"142",211200000,"Deer"
"143",211200001,"Deer, Male"
"144",211200002,"Deer, Female"
"145",211200009,"Deer, Sex Unknown"
"146",211400000,"Elk"
"147",211400001,"Elk, Male"
"148",211400002,"Elk, Female"
"149",211400009,"Elk, Sex Unknown"
"150",211600000,"Goat"
"151",211600001,"Goat, Male"
"152",211600002,"Goat, Female"
"153",211600009,"Goat, Sex Unknown"
"154",211800000,"Moose"
"155",211800001,"Moose, Male"
"156",211800002,"Moose, Female"
"157",211800009,"Moose,  Sex Unknown"
"158",212200000,"Dall Sheep"
"159",212200001,"Dall Sheep, Male"
"160",212200002,"Dall Sheep, Female"
"161",212200009,"Dall Sheep, Sex Unknown"
"162",2.2e+08,"Small Land Mammals"
"163",220200000,"Beaver"
"164",220400000,"Coyote"
"165",220800000,"Fox"
"166",220804000,"Red Fox"
"167",2.21e+08,"Hare"
"168",221004000,"Snowshoe Hare"
"169",221200000,"Land Otter"
"170",221600000,"Lynx"
"171",221800000,"Marmot"
"172",2.22e+08,"Marten"
"173",222200000,"Mink"
"174",222400000,"Muskrat"
"175",222600000,"Porcupine"
"176",222800000,"Squirrel"
"177",222804000,"Tree Squirrel"
"178",2.23e+08,"Weasel"
"179",223200000,"Wolf"
"180",223400000,"Wolverine"
"181",3e+08,"Marine Mammals"
"182",300800000,"Seal"
"183",300804000,"Fur Seal"
"184",300804001,"Fur Seal, Male"
"185",300804002,"Fur Seal, Female"
"186",300804009,"Fur Seal, Unknown Sex"
"187",300806000,"Harbor Seal"
"188",300806001,"Harbor Seal, Male"
"189",300806002,"Harbor Seal, Female"
"190",300806009,"Harbor Seal, Unknown Sex"
"191",3.01e+08,"Sea Otter"
"192",301200000,"Steller Sea Lion"
"193",301200001,"Steller Sea Lion, Male"
"194",301200002,"Steller Sea Lion, Female"
"195",301200009,"Steller Sea Lion, Unknown Sex"
"196",4e+08,"Birds and Eggs"
"197",4.1e+08,"Migratory Birds"
"198",410200000,"Ducks"
"199",410210000,"Goldeneye"
"200",410210001,"Goldeneye - Spring"
"201",410210002,"Goldeneye - Summer"
"202",410210003,"Goldeneye - Fall"
"203",410210004,"Goldeneye - Winter"
"204",410214000,"Mallard"
"205",410214001,"Mallard - Spring"
"206",410214002,"Mallard - Summer"
"207",410214003,"Mallard - Fall"
"208",410214004,"Mallard - Winter"
"209",410218000,"Long-tailed Duck (Oldsquaw)"
"210",410218001,"Long-tailed Duck (Oldsquaw) - Spring"
"211",410218002,"Long-tailed Duck (Oldsquaw) - Summer"
"212",410218003,"Long-tailed Duck (Oldsquaw) - Fall"
"213",410218004,"Long-tailed Duck (Oldsquaw) - Winter"
"214",410220000,"Northern Pintail"
"215",410220001,"Northern Pintail - Spring"
"216",410220002,"Northern Pintail - Summer"
"217",410220003,"Northern Pintail - Fall"
"218",410220004,"Northern Pintail - Winter"
"219",410226000,"Scaup"
"220",410226001,"Scaup - Spring"
"221",410226002,"Scaup - Summer"
"222",410226003,"Scaup - Fall"
"223",410226004,"Scaup - Winter"
"224",410232000,"Teal"
"225",410232001,"Teal - Spring"
"226",410232002,"Teal - Summer"
"227",410232003,"Teal - Fall"
"228",410232004,"Teal - Winter"
"229",410236000,"Wigeon"
"230",410236001,"Wigeon - Spring"
"231",410236002,"Wigeon - Summer"
"232",410236003,"Wigeon - Fall"
"233",410236004,"Wigeon - Winter"
"234",410299000,"Unknown Ducks"
"235",410299001,"Unknown Ducks - Spring"
"236",410299002,"Unknown Ducks - Summer"
"237",410299003,"Unknown Ducks - Fall"
"238",410299004,"Unknown Ducks - Winter"
"239",410400000,"Geese"
"240",410404000,"Canada Geese"
"241",410404990,"Unknown Canada Geese"
"242",410404991,"Unknown Canada Geese - Spring"
"243",410404992,"Unknown Canada Geese - Summer"
"244",410404993,"Unknown Canada Geese - Fall"
"245",410404994,"Unknown Canada Geese - Winter"
"246",410410000,"White-fronted Geese"
"247",410410001,"White-fronted Geese - Spring"
"248",410410002,"White-fronted Geese - Summer"
"249",410410003,"White-fronted Geese - Fall"
"250",410410004,"White-fronted Geese - Winter"
"251",410499000,"Unknown Geese"
"252",410499001,"Unknown Geese - Spring"
"253",410499002,"Unknown Geese - Summer"
"254",410499003,"Unknown Geese - Fall"
"255",410499004,"Unknown Geese - Winter"
"256",410600000,"Swan"
"257",410699000,"Unknown Swan"
"258",410699001,"Unknown Swan - Spring"
"259",410699002,"Unknown Swan - Summer"
"260",410699003,"Unknown Swan - Fall"
"261",410699004,"Unknown Swan - Winter"
"262",410800000,"Crane"
"263",410802000,"Sandhill Crane"
"264",410802001,"Sandhill Crane - Spring"
"265",410802002,"Sandhill Crane - Summer"
"266",410802003,"Sandhill Crane - Fall"
"267",410802004,"Sandhill Crane - Winter"
"268",4.11e+08,"Shorebirds"
"269",411004000,"Black Oystercatcher"
"270",411004001,"Black Oystercatcher - Spring"
"271",411004002,"Black Oystercatcher - Summer"
"272",411004003,"Black Oystercatcher - Fall"
"273",411004004,"Black Oystercatcher - Winter"
"274",411099000,"Unknown Shorebirds"
"275",411099010,"Unknown Shorebirds - Small"
"276",411099011,"Unknown Shorebirds - Small - Spring"
"277",411099012,"Unknown Shorebirds - Small - Summer"
"278",411099013,"Unknown Shorebirds - Small - Fall"
"279",411099014,"Unknown Shorebirds - Small - Winter"
"280",411099020,"Unknown Shorebirds - Large"
"281",411099021,"Unknown Shorebirds - Large - Spring"
"282",411099022,"Unknown Shorebirds - Large - Summer"
"283",411099023,"Unknown Shorebirds - Large - Fall"
"284",411099024,"Unknown Shorebirds - Large - Winter"
"285",411200000,"Seabirds & Loons"
"286",411216000,"Loons"
"287",411216990,"Unknown Loon"
"288",411216991,"Unknown Loon - Spring"
"289",411216992,"Unknown Loon - Summer"
"290",411216993,"Unknown Loon - Fall"
"291",411216994,"Unknown Loon - Winter"
"292",411299000,"Unknown Seabirds"
"293",411299001,"Unknown Seabirds - Spring"
"294",411299002,"Unknown Seabirds - Summer"
"295",411299003,"Unknown Seabirds - Fall"
"296",411299004,"Unknown Seabirds - Winter"
"297",4.2e+08,"Other Birds"
"298",421800000,"Upland Game Birds"
"299",421802000,"Grouse"
"300",421802001,"Grouse - Spring"
"301",421802002,"Grouse - Summer"
"302",421802003,"Grouse - Fall"
"303",421802004,"Grouse - Winter"
"304",421804000,"Ptarmigan"
"305",421804001,"Ptarmigan - Spring"
"306",421804002,"Ptarmigan - Summer"
"307",421804003,"Ptarmigan - Fall"
"308",421804004,"Ptarmigan - Winter"
"309",4.3e+08,"Bird Eggs"
"310",430200000,"Duck Eggs"
"311",430214000,"Mallard Eggs"
"312",430299000,"Unknown Duck Eggs"
"313",430400000,"Geese Eggs"
"314",430404000,"Canada Geese Eggs"
"315",430404990,"Unknown Canada Geese Eggs"
"316",430499000,"Unknown Geese Eggs"
"317",430600000,"Swan Eggs"
"318",430699000,"Unknown Swan Eggs"
"319",430800000,"Crane Eggs"
"320",430802000,"Sandhill Crane Eggs"
"321",4.31e+08,"Shorebird Eggs"
"322",431004000,"Black Oystercatcher Eggs"
"323",431099000,"Unknown Shorebird Eggs"
"324",431099010,"Unknown Small Shorebird Eggs"
"325",431099020,"Unknown Large Shorebird Eggs"
"326",431200000,"Seabird & Loon Eggs"
"327",431212000,"Gull Eggs"
"328",431212040,"Glaucous Winged Gull Eggs"
"329",431216000,"Loon Eggs"
"330",431216990,"Unknown Loon Eggs"
"331",431226000,"Tern Eggs"
"332",431226990,"Unknown Tern Eggs"
"333",431299000,"Unknown Seabird Eggs"
"334",431800000,"Upland Game Bird Eggs"
"335",431802000,"Grouse Eggs"
"336",431802990,"Unknown Grouse Eggs"
"337",431804000,"Ptarmigan Eggs"
"338",431804990,"Unknown Ptarmigan Eggs"
"339",5e+08,"Marine Invertebrates"
"340",500200000,"Abalone"
"341",500400000,"Chitons (bidarkis, gumboots)"
"342",500404000,"Red (large) Chitons"
"343",500408000,"Black (small) Chitons"
"344",500600000,"Clams"
"345",500602000,"Butter Clams"
"346",500606000,"Horse Clams (Gaper)"
"347",500608000,"Pacific Littleneck Clams (Steamers)"
"348",500612000,"Razor Clams"
"349",500699000,"Unknown Clams"
"350",500800000,"Cockles"
"351",500802000,"Basket Cockles"
"352",500804000,"Heart Cockles"
"353",500899000,"Unknown Cockles"
"354",5.01e+08,"Crabs"
"355",501004000,"Dungeness Crab"
"356",501004001,"Dungeness Crab [CF Retention]"
"357",501008000,"King Crab"
"358",501008020,"Blue King Crab"
"359",501008021,"Blue King Crab [CF Retention]"
"360",501008040,"Brown King Crab"
"361",501008041,"Brown King Crab [CF Retention]"
"362",501008080,"Red King Crab"
"363",501008081,"Red King Crab [CF Retention]"
"364",501012000,"Tanner Crab"
"365",501012001,"Tanner Crab [CF Retention]"
"366",501200000,"Geoducks"
"367",501200001,"Geoducks [CF Retention]"
"368",501800000,"Limpets"
"369",5.02e+08,"Mussels"
"370",502200000,"Octopus"
"371",502200001,"Octopus [CF Retention]"
"372",502600000,"Scallops"
"373",502602000,"Weathervane Scallops"
"374",502602001,"Weathervane Scallops [CF Retention]"
"375",502604000,"Rock Scallops"
"376",5.03e+08,"Sea Cucumber"
"377",503000001,"Sea Cucumber [CF Retention]"
"378",503200000,"Sea Urchin"
"379",503202000,"Green Sea Urchin"
"380",503204000,"Red Sea Urchin"
"381",503204001,"Red Sea Urchin [CF Retention]"
"382",503206000,"Purple Sea Urchins"
"383",503400000,"Shrimp"
"384",503400001,"Shrimp [CF Retention]"
"385",503800000,"Squid"
"386",6e+08,"Vegetation"
"387",6.01e+08,"Berries"
"388",601002000,"Blueberry"
"389",601004000,"Low Bush Cranberry"
"390",601006000,"High Bush Cranberry"
"391",601008000,"Elderberry"
"392",601010000,"Gooseberry"
"393",601012000,"Currants"
"394",601014000,"Huckleberry"
"395",601016000,"Cloud Berry"
"396",601018000,"Nagoonberry"
"397",601020000,"Raspberry"
"398",601022000,"Salmonberry"
"399",601024000,"Soapberry"
"400",601026000,"Strawberry"
"401",601028000,"Thimbleberry"
"402",601032000,"Twisted Stalk Berry (Watermelon Berry)"
"403",6.02e+08,"Plants/Greens/Mushrooms"
"404",602002000,"Beach Asparagus"
"405",602004000,"Goose Tongue"
"406",602006000,"Wild Rhubarb"
"407",602009000,"Eskimo Potato"
"408",602012000,"Devils Club"
"409",602014000,"Fiddlehead Ferns"
"410",602016000,"Nettle"
"411",602018000,"Hudson Bay Tea"
"412",602020000,"Indian Rice"
"413",602022000,"Mint"
"414",602024000,"Salmonberry Shoots"
"415",602026000,"Skunk Cabbage"
"416",602028000,"Sourdock"
"417",602030000,"Spruce Tips"
"418",602032000,"Wild Celery"
"419",602034000,"Wild Parsley"
"420",602036000,"Wild Rose Hips"
"421",602038000,"Other Wild Greens"
"422",602040000,"Unknown Mushrooms"
"423",6.03e+08,"Seaweed/Kelp"
"424",603002000,"Black Seaweed"
"425",603004000,"Bull Kelp"
"426",603006000,"Red Seaweed"
"427",603008000,"Sea Ribbons"
"428",603010000,"Giant Kelp (Macrocystis)"
"429",603012000,"Alaria"
"430",603090000,"Seaweed/Kelp Used for Fertilizer"
"431",603099000,"Unknown Seaweed"
"432",6.04e+08,"Wood"
"433",604011000,"Alder"
"434",604099000,"Other Wood"
"435",9e+08,NA
"436",9.4e+08,NA
"437",940100000,NA
"438",940100320,NA
"439",940100321,NA
"440",940100325,NA
"441",100000001,"Fish [CF Retention]"
"442",100000002,"Fish [Rod and Reel]"
"443",100000003,"Fish [Other Gear]"
"444",110000001,"Salmon [CF Retention]"
"445",110000002,"Salmon [Rod and Reel]"
"446",110000003,"Salmon [Other Gear]"
"447",119000001,"Unknown Salmon [CF Retention]"
"448",120000001,"Non-Salmon [CF Retention]"
"449",120000002,"Non-Salmon [Rod and Reel]"
"450",120000003,"Non-Salmon [Other Gear]"
"451",120300001,"Herring Roe [CF Retention]"
"452",120300002,"Herring Roe [Rod and Reel]"
"453",120300003,"Herring Roe [Other Gear]"
"454",120302001,"Herring Roe/Unspecified [CF Retention]"
"455",120308001,"Herring Roe on Hair Seaweed [CF Retention]"
"456",120310001,"Herring Roe on Hemlock Branches [CF Retention]"
"457",120400001,"Smelt [CF Retention]"
"458",120400002,"Smelt [Rod and Reel]"
"459",120400003,"Smelt [Other Gear]"
"460",120404001,"Eulachon (hooligan, candlefish) [CF Retention]"
"461",120410001,"Silver Smelt [CF Retention]"
"462",120499000,"Unknown Smelt"
"463",120499001,"Unknown Smelt [CF Retention]"
"464",120499002,"Unknown Smelt [Rod and Reel]"
"465",120499003,"Unknown Smelt [Other Gear]"
"466",121000001,"Cod [CF Retention]"
"467",121000002,"Cod [Rod and Reel]"
"468",121000003,"Cod [Other Gear]"
"469",121012000,"Walleye Pollock (whiting)"
"470",121012001,"Walleye Pollock (whiting) [CF Retention]"
"471",121012002,"Walleye Pollock (whiting) [Rod and Reel]"
"472",121012003,"Walleye Pollock (whiting) [Other Gear]"
"473",121099000,"Unknown Cod"
"474",121099001,"Unknown Cod [CF Retention]"
"475",121099002,"Unknown Cod [Rod and Reel]"
"476",121099003,"Unknown Cod [Other Gear]"
"477",121499000,"Unknown Flounder"
"478",121499001,"Unknown Flounder [CF Retention]"
"479",121499002,"Unknown Flounder [Rod and Reel]"
"480",121499003,"Unknown Flounder [Other Gear]"
"481",121600001,"Greenling [CF Retention]"
"482",121600002,"Greenling [Rod and Reel]"
"483",121600003,"Greenling [Other Gear]"
"484",121608000,"Rock Greenling"
"485",121608001,"Rock Greenling [CF Retention]"
"486",121608002,"Rock Greenling [Rod and Reel]"
"487",121608003,"Rock Greenling [Other Gear]"
"488",122200000,"Perch"
"489",122200001,"Perch [CF Retention]"
"490",122200002,"Perch [Rod and Reel]"
"491",122200003,"Perch [Other Gear]"
"492",122202000,"Sea Perch"
"493",122202001,"Sea Perch [CF Retention]"
"494",122202002,"Sea Perch [Rod and Reel]"
"495",122202003,"Sea Perch [Other Gear]"
"496",122299000,"Unknown Perch"
"497",122299001,"Unknown Perch [CF Retention]"
"498",122299002,"Unknown Perch [Rod and Reel]"
"499",122299003,"Unknown Perch [Other Gear]"
"500",122600001,"Rockfish [CF Retention]"
"501",122600002,"Rockfish [Rod and Reel]"
"502",122600003,"Rockfish [Other Gear]"
"503",122604000,"Red Rockfish"
"504",122604001,"Red Rockfish [CF Retention]"
"505",122604002,"Red Rockfish [Rod and Reel]"
"506",122604003,"Red Rockfish [Other Gear]"
"507",122699001,"Unknown Rockfish [CF Retention]"
"508",123000001,"Sculpin [CF Retention]"
"509",123000002,"Sculpin [Rod and Reel]"
"510",123000003,"Sculpin [Other Gear]"
"511",123002001,"Buffalo Sculpin [CF Retention]"
"512",123006001,"Irish Lord [CF Retention]"
"513",123006002,"Irish Lord [Rod and Reel]"
"514",123006003,"Irish Lord [Other Gear]"
"515",123006021,"Red Irish Lord [CF Retention]"
"516",123099000,"Unknown Sculpin"
"517",123099001,"Unknown Sculpin [CF Retention]"
"518",123099002,"Unknown Sculpin [Rod and Reel]"
"519",123099003,"Unknown Sculpin [Other Gear]"
"520",123200001,"Shark [CF Retention]"
"521",123200002,"Shark [Rod and Reel]"
"522",123200003,"Shark [Other Gear]"
"523",123202000,"Dogfish"
"524",123202001,"Dogfish [CF Retention]"
"525",123202002,"Dogfish [Rod and Reel]"
"526",123202003,"Dogfish [Other Gear]"
"527",123299001,"Unknown Shark [CF Retention]"
"528",123400001,"Skates [CF Retention]"
"529",123600001,"Sole [CF Retention]"
"530",123699000,"Unknown Sole"
"531",123699001,"Unknown Sole [CF Retention]"
"532",123699002,"Unknown Sole [Rod and Reel]"
"533",123699003,"Unknown Sole [Other Gear]"
"534",125000001,"Char [CF Retention]"
"535",125000002,"Char [Rod and Reel]"
"536",125000003,"Char [Other Gear]"
"537",125004000,"Brook Trout"
"538",125004001,"Brook Trout [CF Retention]"
"539",125004002,"Brook Trout [Rod and Reel]"
"540",125004003,"Brook Trout [Other Gear]"
"541",125006001,"Dolly Varden [CF Retention]"
"542",125200000,"Grayling"
"543",125200001,"Grayling [CF Retention]"
"544",125200002,"Grayling [Rod and Reel]"
"545",125200003,"Grayling [Other Gear]"
"546",126200001,"Trout [CF Retention]"
"547",126200002,"Trout [Rod and Reel]"
"548",126200003,"Trout [Other Gear]"
"549",126202001,"Cutthroat Trout [CF Retention]"
"550",126204001,"Rainbow Trout [CF Retention]"
"551",126206001,"Steelhead [CF Retention]"
"552",126299000,"Unknown Trout"
"553",126299001,"Unknown Trout [CF Retention]"
"554",126299002,"Unknown Trout [Rod and Reel]"
"555",126299003,"Unknown Trout [Other Gear]"
"556",2.12e+08,"Muskox"
"557",300000001,"Marine Mammals, Male"
"558",300000002,"Marine Mammals, Female"
"559",300000009,"Marine Mammals, Unknown Sex"
"560",300800001,"Seal, Male"
"561",300800002,"Seal, Female"
"562",300800009,"Seal, Unknown Sex"
"563",300804040,"Fur Seal (other)"
"564",300804041,"Fur Seal (other), Male"
"565",300804042,"Fur Seal (other), Female"
"566",300804049,"Fur Seal (other), Unknown Sex"
"567",300806040,"Harbor Seal (saltwater)"
"568",300806041,"Harbor Seal (saltwater), Male"
"569",300806042,"Harbor Seal (saltwater), Female"
"570",300806049,"Harbor Seal (saltwater), Unknown Sex"
"571",301000001,"Sea Otter, Male"
"572",301000002,"Sea Otter, Female"
"573",301000009,"Sea Otter, Unknown Sex"
"574",410000001,"Migratory Birds - Spring"
"575",410000002,"Migratory Birds - Summer"
"576",410000003,"Migratory Birds - Fall"
"577",410000004,"Migratory Birds - Winter"
"578",410000009,"Migratory Birds - Season Unknown"
"579",410200001,"Ducks - Spring"
"580",410200002,"Ducks - Summer"
"581",410200003,"Ducks - Fall"
"582",410200004,"Ducks - Winter"
"583",410200009,"Ducks - Season Unknown"
"584",410202000,"Bufflehead"
"585",410202001,"Bufflehead - Spring"
"586",410202002,"Bufflehead - Summer"
"587",410202003,"Bufflehead - Fall"
"588",410202004,"Bufflehead - Winter"
"589",410202009,"Bufflehead - Season Unknown"
"590",410210009,"Goldeneye - Season Unknown"
"591",410210020,"Barrows Goldeneye"
"592",410210021,"Barrows Goldeneye - Spring"
"593",410210022,"Barrows Goldeneye - Summer"
"594",410210023,"Barrows Goldeneye - Fall"
"595",410210024,"Barrows Goldeneye - Winter"
"596",410210029,"Barrows Goldeneye - Season Unknown"
"597",410210040,"Common Goldeneye"
"598",410210041,"Common Goldeneye - Spring"
"599",410210042,"Common Goldeneye - Summer"
"600",410210043,"Common Goldeneye - Fall"
"601",410210044,"Common Goldeneye - Winter"
"602",410210049,"Common Goldeneye - Season Unknown"
"603",410212000,"Harlequin"
"604",410212001,"Harlequin - Spring"
"605",410212002,"Harlequin - Summer"
"606",410212003,"Harlequin - Fall"
"607",410212004,"Harlequin - Winter"
"608",410212009,"Harlequin - Season Unknown"
"609",410214009,"Mallard - Season Unknown"
"610",410218009,"Long-tailed Duck (Oldsquaw) - Season Unknown"
"611",410220009,"Northern Pintail - Season Unknown"
"612",410226009,"Scaup - Season Unknown"
"613",410226040,"Lesser Scaup"
"614",410226041,"Lesser Scaup - Spring"
"615",410226042,"Lesser Scaup - Summer"
"616",410226043,"Lesser Scaup - Fall"
"617",410226044,"Lesser Scaup - Winter"
"618",410226049,"Lesser Scaup - Season Unknown"
"619",410226990,"Unknown Scaup"
"620",410226991,"Unknown Scaup - Spring"
"621",410226992,"Unknown Scaup - Summer"
"622",410226993,"Unknown Scaup - Fall"
"623",410226994,"Unknown Scaup - Winter"
"624",410226999,"Unknown Scaup - Season Unknown"
"625",410232009,"Teal - Season Unknown"
"626",410232060,"Green-Winged Teal"
"627",410232061,"Green-Winged Teal - Spring"
"628",410232062,"Green-Winged Teal - Summer"
"629",410232063,"Green-Winged Teal - Fall"
"630",410232064,"Green-Winged Teal - Winter"
"631",410232069,"Green-Winged Teal - Season Unknown"
"632",410236009,"Wigeon - Season Unknown"
"633",410236020,"American Wigeon"
"634",410236021,"American Wigeon - Spring"
"635",410236022,"American Wigeon - Summer"
"636",410236023,"American Wigeon - Fall"
"637",410236024,"American Wigeon - Winter"
"638",410236029,"American Wigeon - Season Unknown"
"639",410236990,"Unknown Wigeon"
"640",410236991,"Unknown Wigeon - Spring"
"641",410236992,"Unknown Wigeon - Summer"
"642",410236993,"Unknown Wigeon - Fall"
"643",410236994,"Unknown Wigeon - Winter"
"644",410236999,"Unknown Wigeon - Season Unknown"
"645",410400001,"Geese - Spring"
"646",410400002,"Geese - Summer"
"647",410400003,"Geese - Fall"
"648",410400004,"Geese - Winter"
"649",410400009,"Geese - Season Unknown"
"650",410404001,"Canada Geese  - Spring"
"651",410404002,"Canada Geese  - Summer"
"652",410404003,"Canada Geese  - Fall"
"653",410404004,"Canada Geese  - Winter"
"654",410404009,"Canada Geese  - Season Unknown"
"655",410404100,"Vancouver Canada Geese"
"656",410404101,"Vancouver Canada Geese - Spring"
"657",410404102,"Vancouver Canada Geese - Summer"
"658",410404103,"Vancouver Canada Geese - Fall"
"659",410404104,"Vancouver Canada Geese - Winter"
"660",410404109,"Vancouver Canada Geese - Season Unknown"
"661",410408000,"Snow Geese"
"662",410408001,"Snow Geese - Spring"
"663",410408002,"Snow Geese - Summer"
"664",410408003,"Snow Geese - Fall"
"665",410408004,"Snow Geese - Winter"
"666",410408009,"Snow Geese - Season Unknown"
"667",410410009,"White-fronted Geese - Season Unknown"
"668",410600001,"Swan - Spring"
"669",410600002,"Swan - Summer"
"670",410600003,"Swan - Fall"
"671",410600004,"Swan - Winter"
"672",410600009,"Swan - Season Unknown"
"673",410604000,"Tundra Swan (whistling)"
"674",410604001,"Tundra Swan (whistling)- Spring"
"675",410604002,"Tundra Swan (whistling)- Summer"
"676",410604003,"Tundra Swan (whistling)- Fall"
"677",410604004,"Tundra Swan (whistling)- Winter"
"678",410604009,"Tundra Swan (whistling)- Season Unknown"
"679",410699009,"Unknown Swan - Season Unknown"
"680",410800001,"Crane - Spring"
"681",410800002,"Crane - Summer"
"682",410800003,"Crane - Fall"
"683",410800004,"Crane - Winter"
"684",410800009,"Crane - Season Unknown"
"685",410802009,"Sandhill Crane - Season Unknown"
"686",411000001,"Shorebirds - Spring"
"687",411000002,"Shorebirds - Summer"
"688",411000003,"Shorebirds - Fall"
"689",411000004,"Shorebirds - Winter"
"690",411000009,"Shorebirds - Season Unknown"
"691",411002000,"Wilson's Snipe"
"692",411002001,"Wilson's Snipe - Spring"
"693",411002002,"Wilson's Snipe - Summer"
"694",411002003,"Wilson's Snipe - Fall"
"695",411002004,"Wilson's Snipe - Winter"
"696",411002009,"Wilson's Snipe - Season Unknown"
"697",411200001,"Seabirds & Loons - Spring"
"698",411200002,"Seabirds & Loons - Summer"
"699",411200003,"Seabirds & Loons - Fall"
"700",411200004,"Seabirds & Loons - Winter"
"701",411200009,"Seabirds & Loons - Season Unknown"
"702",411208000,"Grebe"
"703",411208001,"Grebe - Spring"
"704",411208002,"Grebe - Summer"
"705",411208003,"Grebe - Fall"
"706",411208004,"Grebe - Winter"
"707",411208009,"Grebe - Season Unknown"
"708",411208020,"Horned Grebe"
"709",411208021,"Horned Grebe - Spring"
"710",411208022,"Horned Grebe - Summer"
"711",411208023,"Horned Grebe - Fall"
"712",411208024,"Horned Grebe - Winter"
"713",411208029,"Horned Grebe - Season Unknown"
"714",411208040,"Red Necked Grebe"
"715",411208041,"Red Necked Grebe - Spring"
"716",411208042,"Red Necked Grebe - Summer"
"717",411208043,"Red Necked Grebe - Fall"
"718",411208044,"Red Necked Grebe - Winter"
"719",411208049,"Red Necked Grebe - Season Unknown"
"720",411208990,"Unknown Grebe"
"721",411208991,"Unknown Grebe - Spring"
"722",411208992,"Unknown Grebe - Summer"
"723",411208993,"Unknown Grebe - Fall"
"724",411208994,"Unknown Grebe - Winter"
"725",411208999,"Unknown Grebe - Season Unknown"
"726",411299009,"Unknown Seabirds - Season Unknown"
"727",420000001,"Other Birds - Spring"
"728",420000002,"Other Birds - Summer"
"729",420000003,"Other Birds - Fall"
"730",420000004,"Other Birds - Winter"
"731",420000009,"Other Birds - Season Unknown"
"732",421800001,"Upland Game Birds - Spring"
"733",421800002,"Upland Game Birds - Summer"
"734",421800003,"Upland Game Birds - Fall"
"735",421800004,"Upland Game Birds - Winter"
"736",421800009,"Upland Game Birds - Season Unknown"
"737",421802009,"Grouse - Season Unknown"
"738",421804009,"Ptarmigan - Season Unknown"
"739",421804020,"Rock Ptarmigan"
"740",421804021,"Rock Ptarmigan - Spring"
"741",421804022,"Rock Ptarmigan - Summer"
"742",421804023,"Rock Ptarmigan - Fall"
"743",421804024,"Rock Ptarmigan - Winter"
"744",421804029,"Rock Ptarmigan - Season Unknown"
"745",421804040,"Willow Ptarmigan"
"746",421804041,"Willow Ptarmigan - Spring"
"747",421804042,"Willow Ptarmigan - Summer"
"748",421804043,"Willow Ptarmigan - Fall"
"749",421804044,"Willow Ptarmigan - Winter"
"750",421804049,"Willow Ptarmigan - Season Unknown"
"751",421804990,"Unknown Ptarmigan"
"752",421804991,"Unknown Ptarmigan - Spring"
"753",421804992,"Unknown Ptarmigan - Summer"
"754",421804993,"Unknown Ptarmigan - Fall"
"755",421804994,"Unknown Ptarmigan - Winter"
"756",421804999,"Unknown Ptarmigan - Season Unknown"
"757",421899000,"Unknown Upland Game Birds"
"758",421899001,"Unknown Upland Game Birds - Spring"
"759",421899002,"Unknown Upland Game Birds - Summer"
"760",421899003,"Unknown Upland Game Birds - Fall"
"761",421899004,"Unknown Upland Game Birds - Winter"
"762",421899009,"Unknown Upland Game Birds - Season Unknown"
"763",431210000,"Guillemots Eggs"
"764",431218000,"Murre Eggs"
"765",431218020,"Common Murre Eggs"
"766",439900000,"Unknown Eggs"
"767",500000001,"Marine Invertebrates [CF Retention]"
"768",500000002,"Marine Invertebrates [Non Commercial Gear]"
"769",500200002,"Abalone [Non Commercial Gear]"
"770",500400002,"Chitons (bidarkis, gumboots) [Non Commercial Gear]"
"771",500404002,"Red (large) Chitons [Non Commercial Gear]"
"772",500408002,"Black (small) Chitons [Non Commercial Gear]"
"773",500499000,"Unknown Chitons"
"774",500499002,"Unknown Chitons [Non Commercial Gear]"
"775",500600001,"Clams [CF Retention]"
"776",500600002,"Clams [Non Commercial Gear]"
"777",500602002,"Butter Clams [Non Commercial Gear]"
"778",500606002,"Horse Clams (Gaper) [Non Commercial Gear]"
"779",500608001,"Pacific Littleneck Clams (Steamers) [CF Retention]"
"780",500608002,"Pacific Littleneck Clams (Steamers) [Non Commercial Gear]"
"781",500612002,"Razor Clams [Non Commercial Gear]"
"782",500699002,"Unknown Clams [Non Commercial Gear]"
"783",500800002,"Cockles [Non Commercial Gear]"
"784",500802002,"Basket Cockles [Non Commercial Gear]"
"785",500804002,"Heart Cockles [Non Commercial Gear]"
"786",500899002,"Unknown Cockles [Non Commercial Gear]"
"787",501000001,"Crabs [CF Retention]"
"788",501000002,"Crabs [Non Commercial Gear]"
"789",501002000,"Box Crab"
"790",501002002,"Box Crab [Non Commercial Gear]"
"791",501004002,"Dungeness Crab [Non Commercial Gear]"
"792",501008001,"King Crab [CF Retention]"
"793",501008002,"King Crab [Non Commercial Gear]"
"794",501008022,"Blue King Crab [Non Commercial Gear]"
"795",501008042,"Brown King Crab [Non Commercial Gear]"
"796",501008082,"Red King Crab [Non Commercial Gear]"
"797",501008990,"Unknown King Crab"
"798",501008991,"Unknown King Crab [CF Retention]"
"799",501008992,"Unknown King Crab [Non Commercial Gear]"
"800",501012002,"Tanner Crab [Non Commercial Gear]"
"801",501012020,"Tanner Crab, Bairdi"
"802",501012021,"Tanner Crab, Bairdi [CF Retention]"
"803",501012022,"Tanner Crab, Bairdi [Non Commercial Gear]"
"804",501099000,"Unknown Crab"
"805",501099002,"Unknown Crab [Non Commercial Gear]"
"806",501200002,"Geoducks [Non Commercial Gear]"
"807",501800002,"Limpets [Non Commercial Gear]"
"808",502000002,"Mussels [Non Commercial Gear]"
"809",502099000,"Unknown Mussels"
"810",502099002,"Unknown Mussels [Non Commercial Gear]"
"811",502200002,"Octopus [Non Commercial Gear]"
"812",502400000,"Oyster"
"813",502400001,"Oyster [CF Retention]"
"814",502600001,"Scallops [CF Retention]"
"815",502600002,"Scallops [Non Commercial Gear]"
"816",502602002,"Weathervane Scallops [Non Commercial Gear]"
"817",502604001,"Rock Scallops [CF Retention]"
"818",502604002,"Rock Scallops [Non Commercial Gear]"
"819",502699000,"Unknown Scallops"
"820",502699001,"Unknown Scallops [CF Retention]"
"821",502699002,"Unknown Scallops [Non Commercial Gear]"
"822",503000002,"Sea Cucumber [Non Commercial Gear]"
"823",503004000,"Yein Sea Cucumber"
"824",503004001,"Yein Sea Cucumber [CF Retention]"
"825",503004002,"Yein Sea Cucumber [Non Commercial Gear]"
"826",503099000,"Unknown Sea Cucumber"
"827",503099001,"Unknown Sea Cucumber [CF Retention]"
"828",503099002,"Unknown Sea Cucumber [Non Commercial Gear]"
"829",503200002,"Sea Urchin [Non Commercial Gear]"
"830",503202002,"Green Sea Urchin [Non Commercial Gear]"
"831",503204002,"Red Sea Urchin [Non Commercial Gear]"
"832",503206002,"Purple Sea Urchins [Non Commercial Gear]"
"833",503299000,"Unknown Sea Urchin"
"834",503299002,"Unknown Sea Urchin [Non Commercial Gear]"
"835",503400002,"Shrimp [Non Commercial Gear]"
"836",503800002,"Squid [Non Commercial Gear]"
"837",600000002,"Vegetation [Non Commercial]"
"838",603000002,"Seaweed/Kelp [Non Commercial]"
"839",603002002,"Black Seaweed [Non Commercial]"
"840",603004002,"Bull Kelp [Non Commercial]"
"841",603006002,"Red Seaweed [Non Commercial]"
"842",603008002,"Sea Ribbons [Non Commercial]"
"843",603010002,"Giant Kelp (Macrocystis) [Non Commercial]"
"844",603012002,"Alaria [Non Commercial]"
"845",603099002,"Unknown Seaweed [Non Commercial]"
"846",604000002,"Wood [Non Commercial]"
"847",120600000,"Bass"
"848",120600002,"Bass [Rod and Reel]"
"849",120600003,"Bass [Other Gear]"
"850",120602000,"Sea Bass"
"851",120602002,"Sea Bass [Rod and Reel]"
"852",120602003,"Sea Bass [Other Gear]"
"853",120699000,"Unknown Bass"
"854",120699002,"Unknown Bass [Rod and Reel]"
"855",120699003,"Unknown Bass [Other Gear]"
"856",121604000,"Kelp Greenling"
"857",121604002,"Kelp Greenling [Rod and Reel]"
"858",121604003,"Kelp Greenling [Other Gear]"
"859",410208000,"Gadwall"
"860",410208001,"Gadwall - Spring"
"861",410208002,"Gadwall - Summer"
"862",410208003,"Gadwall - Fall"
"863",410208004,"Gadwall - Winter"
"864",410208009,"Gadwall - Season Unknown"
"865",410210990,"Unknown Goldeneye"
"866",410210991,"Unknown Goldeneye - Spring"
"867",410210992,"Unknown Goldeneye - Summer"
"868",410210993,"Unknown Goldeneye - Fall"
"869",410210994,"Unknown Goldeneye - Winter"
"870",410210999,"Unknown Goldeneye - Season Unknown"
"871",410216000,"Merganser"
"872",410216001,"Merganser - Spring"
"873",410216002,"Merganser - Summer"
"874",410216003,"Merganser - Fall"
"875",410216004,"Merganser - Winter"
"876",410216009,"Merganser - Season Unknown"
"877",410216020,"Common Merganser"
"878",410216021,"Common Merganser - Spring"
"879",410216022,"Common Merganser - Summer"
"880",410216023,"Common Merganser - Fall"
"881",410216024,"Common Merganser - Winter"
"882",410216029,"Common Merganser - Season Unknown"
"883",410216040,"Red-Breasted Merganser"
"884",410216041,"Red-Breasted Merganser - Spring"
"885",410216042,"Red-Breasted Merganser - Summer"
"886",410216043,"Red-Breasted Merganser - Fall"
"887",410216044,"Red-Breasted Merganser - Winter"
"888",410216049,"Red-Breasted Merganser - Season Unknown"
"889",410216990,"Unknown Merganser"
"890",410216991,"Unknown Merganser - Spring"
"891",410216992,"Unknown Merganser - Summer"
"892",410216993,"Unknown Merganser - Fall"
"893",410216994,"Unknown Merganser - Winter"
"894",410216999,"Unknown Merganser - Season Unknown"
"895",410226020,"Greater Scaup"
"896",410226021,"Greater Scaup - Spring"
"897",410226022,"Greater Scaup - Summer"
"898",410226023,"Greater Scaup - Fall"
"899",410226024,"Greater Scaup - Winter"
"900",410226029,"Greater Scaup - Season Unknown"
"901",410228000,"Scoter"
"902",410228001,"Scoter - Spring"
"903",410228002,"Scoter - Summer"
"904",410228003,"Scoter - Fall"
"905",410228004,"Scoter - Winter"
"906",410228009,"Scoter - Season Unknown"
"907",410228040,"Surf Scoter"
"908",410228041,"Surf Scoter - Spring"
"909",410228042,"Surf Scoter - Summer"
"910",410228043,"Surf Scoter - Fall"
"911",410228044,"Surf Scoter - Winter"
"912",410228049,"Surf Scoter - Season Unknown"
"913",410228060,"White-winged Scoter"
"914",410228061,"White-winged Scoter - Spring"
"915",410228062,"White-winged Scoter - Summer"
"916",410228063,"White-winged Scoter - Fall"
"917",410228064,"White-winged Scoter - Winter"
"918",410228069,"White-winged Scoter - Season Unknown"
"919",410228990,"Unknown Scoter"
"920",410228991,"Unknown Scoter - Spring"
"921",410228992,"Unknown Scoter - Summer"
"922",410228993,"Unknown Scoter - Fall"
"923",410228994,"Unknown Scoter - Winter"
"924",410228999,"Unknown Scoter - Season Unknown"
"925",410232990,"Unknown Teal"
"926",410232991,"Unknown Teal - Spring"
"927",410232992,"Unknown Teal - Summer"
"928",410232993,"Unknown Teal - Fall"
"929",410232994,"Unknown Teal - Winter"
"930",410232999,"Unknown Teal - Season Unknown"
"931",410299009,"Unknown Ducks - Season Unknown"
"932",410402000,"Brant"
"933",410402001,"Brant - Spring"
"934",410402002,"Brant - Summer"
"935",410402003,"Brant - Fall"
"936",410402004,"Brant - Winter"
"937",410402009,"Brant - Season Unknown"
"938",410404999,"Unknown Canada Geese - Season Unknown"
"939",410499009,"Unknown Geese - Season Unknown"
"940",411222000,"Puffins"
"941",411222001,"Puffins - Spring"
"942",411222002,"Puffins - Summer"
"943",411222003,"Puffins - Fall"
"944",411222004,"Puffins - Winter"
"945",411222009,"Puffins - Season Unknown"
"946",431212990,"Unknown Gull Eggs"
"947",503200001,"Sea Urchin [CF Retention]"
"948",503299001,"Unknown Sea Urchin [CF Retention]"
"949",503700000,"Starfish"
"950",503700002,"Starfish [Non Commercial Gear]"
"951",129900000,"Unknown Non-Salmon Fish"
"952",129900001,"Unknown Non-Salmon [CF Retention]"
"953",129900002,"Unknown Non-Salmon [Rod and Reel]"
"954",129900003,"Unknown Non-Salmon [Other Gear]"
"955",309900000,"Unknown Marine Mammals"
"956",500200001,"Abalone [CF Retention]"
"957",500400001,"Chitons (bidarkis, gumboots) [CF Retention]"
"958",509900000,"Unknown Marine Invertebrates"
"959",509900001,"Unknown Marine Invertebrates [CF Retention]"
"960",509900002,"Unknown Marine Invertebrates [Non Commercial Gear]"
"961",120402000,"Capelin (grunion)"
"962",120402002,"Capelin (grunion) [Rod and Reel]"
"963",120402003,"Capelin (grunion) [Other Gear]"
"964",123204000,"Salmon Shark"
"965",123204002,"Salmon Shark [Rod and Reel]"
"966",123204003,"Salmon Shark [Other Gear]"
"967",221099000,"Unknown Hare"
"968",222899000,"Unknown Squirrel"
"969",411204000,"Cormorants"
"970",411222990,"Unknown Puffin"
"971",501012990,"Unknown Tanner Crab"
"972",501012992,"Unknown Tanner Crab [Non Commercial Gear]"
"973",502002000,"Blue Mussels"
"974",502002002,"Blue Mussels [Non Commercial Gear]"
"975",123004000,"Bullhead Sculpin"
"976",123004001,"Bullhead Sculpin [CF Retention]"
"977",125002000,"Arctic Char"
"978",125002002,"Arctic Char [Rod and Reel]"
"979",125002003,"Arctic Char [Other Gear]"
"980",126400000,"Whitefish"
"981",126400002,"Whitefish [Rod and Reel]"
"982",126400003,"Whitefish [Other Gear]"
"983",210400000,"Bison"
"984",300899000,"Unknown Seal"
"985",410204000,"Canvasback"
"986",410204001,"Canvasback - Spring"
"987",410204002,"Canvasback - Summer"
"988",410204003,"Canvasback - Fall"
"989",410204004,"Canvasback - Winter"
"990",601007000,"Crowberry"
"991",602010000,"Other Beach Greens"
"992",602027000,"Dandilion Greens"
"993",602037000,"Yarrow"
"994",602041000,"Sorrel"
"995",602042000,"Fireweed"
"996",602043000,"Plantain"
"997",603014000,"Red Laver (Dulse)"
"998",603016000,"Bladder Wrack"
"999",604005000,"Spruce Pitch"
"1000",122612001,"Quillback Rockfish [CF Retention]"
"1001",122614000,"Brown Rockfish"
"1002",122614001,"Brown Rockfish [CF Retention]"
"1003",122614002,"Brown Rockfish [Rod and Reel]"
"1004",122614003,"Brown Rockfish [Other Gear]"
"1005",219900000,"Unknown Large Land Mammal"
"1006",500610000,"Pinkneck Clams"
"1007",601030000,"Blackberry"
"1008",601099000,"Other Wild Berry"
"1009",604008000,"Spruce"
"1010",604010000,"Cottonwood"
"1011",1.18e+08,"Salmon Roe"
"1012",118000002,"Salmon Roe [Rod and Reel]"
"1013",118000003,"Salmon Roe [Other Gear]"
"1014",120304002,"Herring Sac Roe [Rod and Reel]"
"1015",120304003,"Herring Sac Roe [Other Gear]"
"1016",121200000,"Eel"
"1017",121200002,"Eel [Rod and Reel]"
"1018",121200003,"Eel [Other Gear]"
"1019",122634000,"China Rockfish"
"1020",122634002,"China Rockfish [Rod and Reel]"
"1021",122634003,"China Rockfish [Other Gear]"
"1022",125006990,"Dolly Varden-unknown"
"1023",125006992,"Dolly Varden-unknown [Rod and Reel]"
"1024",125006993,"Dolly Varden-unknown [Other Gear]"
"1025",126499000,"Unknown Whitefish"
"1026",126499002,"Unknown Whitefish [Rod and Reel]"
"1027",126499003,"Unknown Whitefish [Other Gear]"
"1028",200000001,NA
"1029",200000002,NA
"1030",200000009,NA
"1031",210000001,"Large Land Mammals, Male"
"1032",210000002,"Large Land Mammals, Female"
"1033",210000009,"Large Land Mammals, Sex Unknown"
"1034",220000009,NA
"1035",220200009,NA
"1036",220400009,NA
"1037",220800009,NA
"1038",220804009,NA
"1039",221000009,NA
"1040",221004009,NA
"1041",221200009,NA
"1042",221600009,NA
"1043",221800009,NA
"1044",222000009,NA
"1045",222200009,NA
"1046",222400009,NA
"1047",222600009,NA
"1048",222800009,NA
"1049",222804009,NA
"1050",223000009,NA
"1051",223200009,NA
"1052",223400009,NA
"1053",400000001,NA
"1054",400000002,NA
"1055",400000003,NA
"1056",400000004,NA
"1057",400000009,NA
"1058",421802020,"Spruce Grouse"
"1059",421802021,"Spruce Grouse - Spring"
"1060",421802022,"Spruce Grouse - Summer"
"1061",421802023,"Spruce Grouse - Fall"
"1062",421802024,"Spruce Grouse - Winter"
"1063",421802029,"Spruce Grouse - Season Unknown"
"1064",421802060,"Ruffed Grouse"
"1065",421802061,"Ruffed Grouse - Spring"
"1066",421802062,"Ruffed Grouse - Summer"
"1067",421802063,"Ruffed Grouse - Fall"
"1068",421802064,"Ruffed Grouse - Winter"
"1069",421802069,"Ruffed Grouse - Season Unknown"
"1070",421802990,"Unknown Grouse"
"1071",421802991,"Unknown Grouse - Spring"
"1072",421802992,"Unknown Grouse - Summer"
"1073",421802993,"Unknown Grouse - Fall"
"1074",421802994,"Unknown Grouse - Winter"
"1075",421802999,"Unknown Grouse - Season Unknown"
"1076",601034000,"Serviceberry"
"1077",602008000,"Wild Sweet Potato"
"1078",604002000,"Bark"
"1079",604004000,"Roots"
"1080",1.16e+08,"Landlocked Salmon"
"1081",410222000,"Redhead Duck"
"1082",122616000,"Dusky Rockfish"
"1083",122616001,"Dusky Rockfish [CF Retention]"
"1084",122616002,"Dusky Rockfish [Rod and Reel]"
"1085",122616003,"Dusky Rockfish [Other Gear]"
"1086",122618000,"Copper Rockfish"
"1087",122618002,"Copper Rockfish [Rod and Reel]"
"1088",122618003,"Copper Rockfish [Other Gear]"
"1089",300899009,"Unknown Seal, Unknown Sex"
"1090",301600000,"Whale"
"1091",301600009,"Whale, Unknown Sex"
"1092",301699000,"Unknown Whale"
"1093",301699009,"Unknown Whale, Unknown Sex"
"1094",309900009,"Unknown Marine Mammals, Unknown Sex"
"1095",410404080,"Lesser Canada Geese (taverner/parvipes)"
"1096",410404081,"Lesser Canada Geese (taverner/parvipes) - Spring"
"1097",410404082,"Lesser Canada Geese (taverner/parvipes) - Summer"
"1098",410404083,"Lesser Canada Geese (taverner/parvipes) - Fall"
"1099",410404084,"Lesser Canada Geese (taverner/parvipes) - Winter"
"1100",410404089,"Lesser Canada Geese (taverner/parvipes) - Season Unknown"
"1101",411004009,"Black Oystercatcher - Season Unknown"
"1102",411099001,"Unknown Shorebirds - Spring"
"1103",411099002,"Unknown Shorebirds - Summer"
"1104",411099003,"Unknown Shorebirds - Fall"
"1105",411099004,"Unknown Shorebirds - Winter"
"1106",411099009,"Unknown Shorebirds - Season Unknown"
"1107",411099019,NA
"1108",411099029,NA
"1109",411210000,"Guillemots"
"1110",411210001,"Guillemots - Spring"
"1111",411210002,"Guillemots - Summer"
"1112",411210003,"Guillemots - Fall"
"1113",411210004,"Guillemots - Winter"
"1114",411210009,"Guillemots - Season Unknown"
"1115",411216001,"Loons - Spring"
"1116",411216002,"Loons - Summer"
"1117",411216003,"Loons - Fall"
"1118",411216004,"Loons - Winter"
"1119",411216009,"Loons - Season Unknown"
"1120",411216999,"Unknown Loon - Season Unknown"
"1121",430404080,"Lesser Canada Geese Eggs"
"1122",502400002,"Oyster [Non Commercial Gear]"
"1123",602044000,"Stinkweed"
"1124",602048000,"Unknown Greens From Land"
"1125",121699000,"Unknown Greenling"
"1126",121699002,"Unknown Greenling [Rod and Reel]"
"1127",121699003,"Unknown Greenling [Other Gear]"
"1128",222806000,"Flying Squirrel"
"1129",125006991,"Dolly Varden-unknown [CF Retention]"
"1130",210400009,"Bison, Sex Unknown"
"1131",300888000,"Unknown Seal Oil"
"1132",300888009,"Unknown Seal Oil, Unknown Sex"
"1133",410204009,"Canvasback - Season Unknown"
"1134",410404060,"Dusky Canada Geese"
"1135",410404061,"Dusky Canada Geese - Spring"
"1136",410404062,"Dusky Canada Geese - Summer"
"1137",410404063,"Dusky Canada Geese - Fall"
"1138",410404064,"Dusky Canada Geese - Winter"
"1139",410404069,"Dusky Canada Geese - Season Unknown"
"1140",428800000,"Unknown Other Birds"
"1141",428800001,"Unknown Other Birds - Spring"
"1142",428800002,"Unknown Other Birds - Summer"
"1143",428800003,"Unknown Other Birds - Fall"
"1144",428800004,"Unknown Other Birds - Winter"
"1145",428800009,"Unknown Other Birds - Season Unknown"
"1146",430899000,"Unknown Crane Eggs"
"1147",601031000,"Dogwood Berry"
"1148",602046000,"Fungus"
"1149",602046040,"Chaga"
"1150",602052000,"Wild Chives"
"1151",604013000,"Willow"
